
//사업자 등록
INSERT INTO clients (client_id, client_password, client_name, client_phone, client_account, client_number)
VALUES
('Client1', 'Pass1', '사업자1', '010-0001-0001', '1002152100001', '001-01-1001'),
('Client2', 'Pass2', '사업자2', '010-0002-0002', '1002152100002', '002-02-1002'),
('Client3', 'Pass3', '사업자3', '010-0003-0003', '1002152100003', '003-03-1003'),
('Client4', 'Pass4', '사업자4', '010-0004-0004', '1002152100004', '004-04-1004'),
('Client5', 'Pass5', '사업자5', '010-0005-0005', '1002152100005', '005-05-1005'),
('Client6', 'Pass6', '사업자6', '010-0006-0006', '1002152100006', '006-06-1006'),
('Client7', 'Pass7', '사업자7', '010-0007-0007', '1002152100007', '007-07-1007'),
('Client8', 'Pass8', '사업자8', '010-0008-0008', '1002152100008', '008-08-1008'),
('Client9', 'Pass9', '사업자9', '010-0009-0009', '1002152100009', '009-09-1009'),
('Client10', 'Pass10', '사업자10', '010-0010-0010', '1002152100010', '010-10-1010'),
('Client11', 'Pass11', '사업자11', '010-0011-0011', '1002152100011', '011-11-1011'),
('Client12', 'Pass12', '사업자12', '010-0012-0012', '1002152100012', '012-12-1012'),
('Client13', 'Pass13', '사업자13', '010-0013-0013', '1002152100013', '013-13-1013'),
('Client14', 'Pass14', '사업자14', '010-0014-0014', '1002152100014', '014-14-1014'),
('Client15', 'Pass15', '사업자15', '010-0015-0015', '1002152100015', '015-15-1015'),
('Client16', 'Pass16', '사업자16', '010-0016-0016', '1002152100016', '016-16-1016'),
('Client17', 'Pass17', '사업자17', '010-0017-0017', '1002152100017', '017-17-1017'),
('Client18', 'Pass18', '사업자18', '010-0018-0018', '1002152100018', '018-18-1018'),
('Client19', 'Pass19', '사업자19', '010-0019-0019', '1002152100019', '019-19-1019'),
('Client20', 'Pass20', '사업자20', '010-0020-0020', '1002152100020', '020-20-1020');

// 일반 회원 등록
INSERT INTO users (user_id, user_password, user_name, user_phone, user_account)
VALUES 
  ('User1', 'Pass1', '유저1', '010-1111-2222', '1002152322001'),
  ('User2', 'Pass2', '유저2', '010-2222-3333', '1002152322002'),
  ('User3', 'Pass3', '유저3', '010-3333-4444', '1002152322003'),
  ('User4', 'Pass4', '유저4', '010-4444-5555', '1002152322004'),
  ('User5', 'Pass5', '유저5', '010-5555-6666', '1002152322005'),
  ('User6', 'Pass6', '유저6', '010-6666-7777', '1002152322006'),
  ('User7', 'Pass7', '유저7', '010-7777-8888', '1002152322007'),
  ('User8', 'Pass8', '유저8', '010-8888-9999', '1002152322008'),
  ('User9', 'Pass9', '유저9', '010-9999-0000', '1002152322009'),
  ('User10', 'Pass10', '유저10', '010-0000-1111', '1002152322010'),
  ('User11', 'Pass11', '유저11', '010-1111-2222', '1002152322011'),
  ('User12', 'Pass12', '유저12', '010-2222-3333', '1002152322012'),
  ('User13', 'Pass13', '유저13', '010-3333-4444', '1002152322013'),
  ('User14', 'Pass14', '유저14', '010-4444-5555', '1002152322014'),
  ('User15', 'Pass15', '유저15', '010-5555-6666', '1002152322015'),
  ('User16', 'Pass16', '유저16', '010-6666-7777', '1002152322016'),
  ('User17', 'Pass17', '유저17', '010-7777-8888', '1002152322017'),
  ('User18', 'Pass18', '유저18', '010-8888-9999', '1002152322018'),
  ('User19', 'Pass19', '유저19', '010-9999-0000', '1002152322019'),
  ('User20', 'Pass20', '유저20', '010-0000-1111', '1002152322020');

// 일반회원 계좌 등록
INSERT INTO user_accounts (user_account, user_id)
VALUES
  ('1002152322001','User1'),
  ('1002152322002', 'User2'),
  ('1002152322003', 'User3'),
  ('1002152322004', 'User4'),
  ('1002152322005', 'User5'),
  ('1002152322006', 'User6'),
  ('1002152322007', 'User7'),
  ('1002152322008', 'User8'),
  ('1002152322009', 'User9'),
  ('1002152322010', 'User10'),
  ('1002152322011', 'User11'),
  ('1002152322012', 'User12'),
  ('1002152322013', 'User13'),
  ('1002152322014', 'User14'),
  ('1002152322015', 'User15'),
  ('1002152322016', 'User16'),
  ('1002152322017', 'User17'),
  ('1002152322018', 'User18'),
  ('1002152322019', 'User19'),
  ('1002152322020', 'User20');
  
  // 사업자 계좌 등록
  INSERT INTO client_account (client_account, client_id)
VALUES
('1002152100001', 'Client1'),
('1002152100002', 'Client2'),
('1002152100003', 'Client3'),
('1002152100004', 'Client4'),
('1002152100005', 'Client5'),
('1002152100006', 'Client6'),
('1002152100007', 'Client7'),
('1002152100008', 'Client8'),
('1002152100009', 'Client9'),
('1002152100010', 'Client10'),
('1002152100011', 'Client11'),
('1002152100012', 'Client12'),
('1002152100013', 'Client13'),
('1002152100014', 'Client14'),
('1002152100015', 'Client15'),
('1002152100016', 'Client16'),
('1002152100017', 'Client17'),
('1002152100018', 'Client18'),
('1002152100019', 'Client19'),
('1002152100020', 'Client20');

// 주차장 등록
INSERT INTO location (max_area_count, location_address, location_name, client_id)
VALUES
('20', '서울특별시 강남구 역삼동 123-1', '주차장A', 'Client1'),
('25', '서울특별시 강남구 논현동 456-1', '주차장B', 'Client2'),
('38', '서울특별시 강남구 청담동 789-1', '주차장C', 'Client3'),
('32', '서울특별시 강남구 신사동 321-1', '주차장D', 'Client4'),
('15', '서울특별시 강남구 압구정동 654-1', '주차장E', 'Client5'),
('100', '서울특별시 송파구 방이동 110-7', '삼성주차장', 'Client6'),
('50', '서울특별시 송파구 잠실동 177-7', '오성주차장', 'Client7'),
('75', '서울특별시 송파구 방이동 64-12', '보광타워주차장', 'Client8'),
('150', '서울특별시 송파구 잠실동 10', '송파구탄천주차장', 'Client9'),
('80', '서울특별시 송파구 문정동 150-25', '행운주차장', 'Client9');
  
  
// location_code 1에 대한 insert 문

INSERT INTO parking_spot (spot_name, location_code, spot_cost, check_spot, disabled_spot)
VALUES
('B1-1', 1, 3000, 1, 1),
('B1-2', 1, 3000, 1, 1),
('B1-3', 1, 6000, 1, 0),
('B1-4', 1, 6000, 1, 0),
('B1-5', 1, 6000, 1, 0),
('B1-6', 1, 6000, 1, 0),
('B1-7', 1, 6000, 1, 0),
('B1-8', 1, 6000, 1, 0),
('B1-9', 1, 6000, 1, 0),
('B1-10', 1, 6000, 1, 0),
('B2-1', 1, 2500, 1, 1),
('B2-2', 1, 2500, 1, 1),
('B2-3', 1, 5000, 1, 0),
('B2-4', 1, 5000, 1, 0),
('B2-5', 1, 5000, 1, 0),
('B2-6', 1, 5000, 1, 1),
('B2-7', 1, 5000, 1, 1),
('B2-8', 1, 5000, 1, 1),
('B2-9', 1, 5000, 1, 1),
('B2-10', 1, 5000, 1, 1);

// 공지사항 등록
INSERT INTO notice (notice_title, notice_contents) 
VALUES ('현재 사이트 제작중입니다.', '현재 주차예약관리 시스템 제작중입니다. 커밍순');